descripcion,precio,titulo
"Cachorros Mastin Napolitano,11 semanas de nacidos,La mama tiene pedigree,Vacunada con sus respectivos carnets,solo queda la cachorra negria 100% raza pura 450 negociable",1,Mastin Napolitano
Hermosos Gran danés listos para su entrega contamos con machos y hembras entregamos a todo el país con garantía de raza y criadero,1,Hermosos Gran Danés 
"TE OFRECEMOS LOS PERRITOS YORKSHIRE MÀS LINDOS Y TIERNOS, ÙLTIMO BEBÈ DISPONIBLE CUATROCIENTOS CINCUENTA TE GARANTIZAMOS SU PUREZA, TE LOS ENTREGAMOS EN CUALQUIER CIUDAD DEL PAÌS POR QUINIENTOS CINCUENTA USD, VACUNADOS CERO DESPARASITADOS NUEVE PUESTOS 8 LA CINCUENTA PIPETA ANTIPULGAS SETENTA Y CON 4 CERTIFICADODIECIOCHO DE PUREZA PARA GARANTIZARTELA, ADEMÀS DE LAS RECOMENDACIONES QUE NECESITAS PARA EL CUIDADO DE TU NUEVO BEBÈ Y CARACTERÌSTICAS DE LA RAZA POR ESCRITO PARA QUE SIGAS EL CRECIMIENTO DE TUS CACHORROS Y MIRES QUE SON TOTALMENTE PUROS,NO DUDES EN HACER TUS PREGUNTAS Y TU COMPRA SI ESTÀS DE ACUERDO CON EL PRECIO SUGERIDO PARA PODER ENVIARTE MÀS FOTOS Y VIDEOS DE LOS BEBITOS Y PAPÀS QUE SON CRIADOS EN CASA CON EL CARIÑO, AMOR Y CUIDADO QUE ELLOS NECESITAN PARA CRECER SANITOS DÒCILES Y CARIÑOSOS, NO TE LOS PIERDAS SON LOS MÀS LINDOS Y TE ALEGRARÀN LA VIDA",4,Yorky Cachorro Yorkshire Mini 450 Puro Yorkshire Terrier
"GOLDEN RETRIEVER MACHOS y HEMBRAS, Están de dos meses de edad vacunados desparasitados y vitaminados listas para entregar, realizamos entregas personales en todo el país si desea más información no dude en escribirme, estamos GUSTOSOS de que uno de nuestros cachorritos formen parte de su familia.",351, Golden Retriever  Machos Y Hembras 250 
"Somos Mascota Mundo Ecuador, para retiros en Guayaquil sector Alborada 4ta etapa o manejamos envíos a domicilio y a nivel nacional.,Coche plegable para mascotas, tiene un metro de altura, con portavasos y más.,Es plegable y de fácil manejo y transportación. Perfecto para llevar en el carro. Disponible para entrega inmediata y manejamos envíos a nivel nacional.",149,Coche Plegable Para Mascotas Perros Gatos Conejos 
"Lindos cachorritos Shih Tzu Puros y miniaturas de dos meses de edad, Machos y Hembras ya se encuentran con el carnet del médico veterinario al día, si deseas una raza miniatura para dentro del hogar y poder llevar a pasear en l cartera esta es tu Oportunidad, si desea más información estamos a la Orden.",3,Shihtzu Miniaturas Puros 350  
"MI NU,ME.R0 SE ENCUENTRA EN LA PARTE DE:,COLOR DEL PELAJE, Y EN,EDAD, EN LA SECCION ,VER TODAS LAS CARACTERISTICAS,------------------------------------------------------------------------,Dos machos y una hembra disponibles ,Para entrega inmediata ,Con dos meses de edad ya cumplidos,Los cachorros estan criados en un ambiente familiar,Se entregan desparasitados y vacunados con su carnet de control,Hijos de padres Schnauzer mini 100% puros,Están comiendo solo croquetas,*Cada cachorro tiene un costo de 200 USD*",200,Cachorros Schnauzer
"TENEMOS PARA TI LOS MAS BELLOS EJEMPLARES DE SHIH TZU CON GARANTÌA DE PUREZA TRESCIENTOS CINCUENTA ENVIADOS A NIVEL NACIONAL SON SUPER ENANITOS ÑATOS Y PELUDITOS ,MIRA LAS FOTOS SON REALES DE NUESTROS BEBÈS , SÓLO PUBLICAMOS FOTOS AUTÈNTICAS DE NUESTROS CACHORROS AL CERO NUEVE OCHO CINCUENTA SETENTA CUATRO DIECIOCHO TE LOS ENTREGAMOS VACUNADOS DESPARASITADOS INTERNA Y EXTERNAMENTE CON SU PIPETA ANTIPULGAS,Y CERTIFICADO DE PUREZA PARA GARANTIZARTELA,ADEMÀS DE LAS RECOMENDACIONES QUE NECESITAS PARA EL CUIDADO DE TU NUEVO BEBÈ Y CARACTERÌSTICAS DE LA RAZA POR ESCRITO PARA QUE SIGAS EL CRECIMIENTO DE TUS CACHORROS Y MIRES QUE SON TOTALMENTE PUROS,TE LOS ENVIAMOS A CUALQUIER CIUDAD DEL PAIS VÌA FURGONETA GARANTIZANDO QUE LOS PERRITOS LLEGAN EN PERFECTAS CONDICIONES,ASÌ QUE NO DUDES EN HACER TUS PREGUNTAS Y TU COMPRA SIN COMPROMISO PARA PODER ENVIARTE MÀS FOTOS Y VIDEOS DE LOS BEBITOS Y PAPÀS QUE SON CRIADOS EN CASA CON EL CARIÑO, AMOR Y CUIDADO QUE ELLOS NECESITAN PARA CRECER SANITOS DÒCILES Y CARIÑOSOS, NO TE LOS PIERDAS SON LOS MÀS LINDOS Y TE ALEGRARÀN LA VIDA",3,Shitzu Cachorros  Mini Toy 350 Vacunados Garantìa De Pureza
"TE OFRECEMOS LOS PERRITOS YORK SHIRE MÀS LINDOS Y TIERNOS, TE GARANTIZAMOS SU PUREZA, TE LOS ENTREGAMOS EN CUALQUIER CIUDAD DEL PAÌS POR QUINIENTOS CINCUENTA USD, VACUNADOS DESPARASITADOS PUESTOS LA PIPETA ANTIPULGAS Y CON CERTIFICADO DE PUREZA PARA GARANTIZARTELA,ADEMÀS DE LAS RECOMENDACIONES QUE NECESITAS PARA EL CUIDADO DE TU NUEVO BEBÈ Y CARACTERÌSTICAS DE LA RAZA POR ESCRITO PARA QUE SIGAS EL CRECIMIENTO DE TUS CACHORROS Y MIRES QUE SON TOTALMENTE PUROS,NO DUDES EN HACER TUS PREGUNTAS Y TU COMPRA SI ESTÀS DE ACUERDO CON EL PRECIO SUGERIDO PARA PODER ENVIARTE MÀS FOTOS Y VIDEOS DE LOS BEBITOS Y PAPÀS QUE SON CRIADOS EN CASA CON EL CARIÑO, AMOR Y CUIDADO QUE ELLOS NECESITAN PARA CRECER SANITOS DÒCILES Y CARIÑOSOS, NO TE LOS PIERDAS SON LOS MÀS LINDOS Y TE ALEGRARÀN LA VIDA",3,Yorshire Hermoso Ùltimo Cachorrito 550 Pureza Garantizada
"Lindos cachorros Boston Terrier ,De 3.5 meses",250,Cachorros Boston Terrier 
"------------------------------------------------------------------------------------------------,MI CONTACTO LO ENCUENTRA EN LA SECCION DE LA RAZA,ENTREGO PERSONALMENTE EN CUALQUIER CIUDAD DEL PAIS,UD CANCELA AL MOMENTO DE LA ENTREGA EL VALOR DEL,CACHORRO/A MAS LOS PASAJES,EN QUITO Y ALREDEDORES ENTREGA SIN COSTO ADICIONAL,----------------------------------------------------------------------------------------------,MACHOS,HEMBRAS,DE DOS MESE DE EDAD,PADRE Y MADRE PUROS,YA ESTAN VACUNADOS Y,DESPARASITADOS,YA COMEN SOLO CROQUETAS,SE LES DESTETO HACE 15 DIAS,TOTALMENTE SANOS Y,BIEN CUIDADOS",350,Cachorros Bichon Maltes Mini
"cachorritos schnauzer mini toy..,los originales mini.. ,exclusivos para departamentos..,No mudan de pelo..,vacunados desparacitado..con su cartilla veterinaria al día.. ,incluye su primer corte característico de la raza..,entregas personales en quito sin recargo...",169,Schnauzer Minitoy Los  Originales Miny Garantizados
"Características del producto,------------------------------------------,FÓRMULA:,La fórmula del producto es en base a plantas, es completamente natural, por lo que no perjudica la salud de sus mascotas como otros productos.,Es HIPOALERGÉNICO, contiene aceite esencial de lavanda, eucalipto, limón, aceite de linaloe, entre otros.,DURACIÓN:,8 meses,ADAPTABILIDAD:,La mascota debe tener mínimo 3 meses de edad,MATERIAL: ,Material compuesto suave de silicona, sin bordes y diseño de esquinas, no causa daños,al cuello de la mascota.,.",7,Collar Anti Pulgas Y Garrapatas Para Perros Y Gatos
"TE OFRECEMOS LOS PERRITOS SHIH TZU MÀS LINDOS Y PUROS, TE GARANTIZAMOS SU GENÈTICA, YA QUE SON HIJOS Y NIETOS DE CAMPEONES ARGENTINOS DE RAZA Y BELLEZA, TE LOS ENTREGAMOS EN CUALQUIER CIUDAD DEL PAÌS POR TRESCIENTOS CINCUENTA USD, VACUNADOS0 DESPARASITADOS9 PUESTOS8 LA PIPETA5 ANTIPULGAS0 Y CON7 CERTIFICADO DE0 PUREZA4 PARA1 GARANTIZARTELA8,ADEMÀS DE LAS RECOMENDACIONES QUE NECESITAS PARA EL CUIDADO DE TU NUEVO BEBÈ Y CARACTERÌSTICAS DE LA RAZA POR ESCRITO PARA QUE SIGAS EL CRECIMIENTO DE TUS CACHORROS Y MIRES QUE SON TOTALMENTE PUROS,NO DUDES EN HACER TUS PREGUNTAS Y TU COMPRA SI ESTÀS DE ACUERDO CON EL PRECIO SUGERIDO PARA PODER ENVIARTE MÀS FOTOS Y VIDEOS DE LOS BEBITOS Y PAPÀS QUE SON CRIADOS EN CASA CON EL CARIÑO, AMOR Y CUIDADO QUE ELLOS NECESITAN PARA CRECER SANITOS DÒCILES Y CARIÑOSOS, NO TE LOS PIERDAS SON LOS MÀS LINDOS Y TE ALEGRARÀN LA VIDA",4,Shitzu Hermoso Cachorro Shih Tzu Miniatura 350 Garantizado
"Hermosos cachorros Salchichas Teckel miniatura, Se encuentran de dos meses de edad vacunados desparasitados y vitaminados con el carnet del médico veterinario al día, Disponibles Machos y Hembras.",2,Cachorros Salchichas 250
"Cachorros salchichas teckel de dos meses de edad, carnet de vacunas al día.  Están desparasitados y puesto pipeta antipulgas.  Realizo entregas en Quito y envíos a todas las provincias.",220,"Salchichas Teckel, Entregas En Todas Las Provincias "
"TENEMOS PARA TI LOS MAS BELLOS EJEMPLARES DE CHIHUAHUA CON GARANTÌA DE PUREZA POR CUATROCIENTOS CINCUENTA, LOS ENTREGAMOS A NIVEL NACIONAL, SUPER TIERNOS Y ENANITOS ,MIRA LAS FOTOS SON REALES DE NUESTROS BEBÈS , SÓLO PUBLICAMOS FOTOS AUTÈNTICAS DE NUESTROS CACHORROS AL CERO NUEVE OCHO CINCUENTA SETENTA CUATRO DIECIOCHO TE LOS ENTREGAMOS VACUNADOS DESPARASITADOS INTERNA Y EXTERNAMENTE CON SU PIPETA ANTIPULGAS,Y CERTIFICADO DE PUREZA PARA GARANTIZARTELA,ADEMÀS DE LAS RECOMENDACIONES QUE NECESITAS PARA EL CUIDADO DE TU NUEVO BEBÈ Y CARACTERÌSTICAS DE LA RAZA POR ESCRITO PARA QUE SIGAS EL CRECIMIENTO DE TUS CACHORROS Y MIRES QUE SON TOTALMENTE PUROS,TE LOS ENVIAMOS A CUALQUIER CIUDAD DEL PAIS VÌA FURGONETA GARANTIZANDO QUE LOS PERRITOS LLEGAN EN PERFECTAS CONDICIONES,ASÌ QUE NO DUDES EN HACER TUS PREGUNTAS Y TU COMPRA SIN COMPROMISO PARA PODER ENVIARTE MÀS FOTOS Y VIDEOS DE LOS BEBITOS Y PAPÀS QUE SON CRIADOS EN CASA CON EL CARIÑO, AMOR Y CUIDADO QUE ELLOS NECESITAN PARA CRECER SANITOS DÒCILES Y CARIÑOSOS, NO TE LOS PIERDAS SON LOS MÀS LINDOS Y TE ALEGRARÀN LA VIDA",4,Chihuahua Hermoso Cachorro Pureza Garantizada  X 450 Machito
"TENEMOS PARA TI LOS MAS BELLOS EJEMPLARES DE SHIH TZU CON GARANTÌA DE PUREZA TRESCIENTOS CINCUENTA SON SUPER ENANITOS ÑATOS Y PELUDITOS,MIRA CERO LAS NUEVE FOTOS OCHO SON REALES CINCUENTA DE NUESTROS BEBÈS , SÓLO SETENTA PUBLICAMOS CUATRO FOTOS DIESCIOCHO AUTÈNTICAS DE NUESTROS CACHORROS, TE LOS ENTREGAMOS VACUNADOS DESPARASITADOS INTERNA Y EXTERNAMENTE CON SU PIPETA ANTIPULGAS Y CERTIFICADO DE PUREZA PARA GARANTIZARTELA,ADEMÀS CERO DE NUEVE LAS OCHO RECOMENDACIONES CINCUENTA QUE NECESITAS PARA SETENTA EL CUIDADO CUATRO DE TU NUEVO DIECIOCHO BEBÈ Y CARACTERÌSTICAS DE LA RAZA POR ESCRITO PARA QUE SIGAS EL CRECIMIENTO DE TUS CACHORROS Y MIRES QUE SON TOTALMENTE PUROS,TE LOS ENVIAMOS A CUALQUIER CIUDAD DEL PAIS VÌA FURGONETA GARANTIZANDO QUE LOS PERRITOS LLEGAN EN PERFECTAS CONDICIONES,ASÌ QUE NO DUDES EN HACER TUS PREGUNTAS Y TU COMPRA SIN COMPROMISO PARA PODER ENVIARTE MÀS FOTOS Y VIDEOS DE LOS BEBITOS Y PAPÀS QUE SON CRIADOS EN CASA CON EL CARIÑO, AMOR Y CUIDADO QUE ELLOS NECESITAN PARA CRECER SANITOS DÒCILES Y CARIÑOSOS, NO TE LOS PIERDAS SON LOS MÀS LINDOS Y TE ALEGRARÀN LA VIDA",1,Shitzu Belleza De Cachorra Pura 350 Shih Tzu Shihtzu 
"Cachorros golden en Quito. Entrego con el carnet de vacunas al día. Tienen dos meses de edad, comen solo croquetas. Tengo disponible hembra y macho.  Realizó entregas a domicilio en la ciudad de Quito y envíos o entregas personalizadas a todas las provincias del Ecuador.   Para mayor i formación por favor revisar la sección de caracteristicas del producto, color de pelaje.",250,Cachorros Golden Retriever 
"garantía de pureza de por vida ,22cm de adultos como sus padres, vacunados desparasitados padres presentes entrega personal en Quito seriedad de nuestra parte",1, Pomerania Spitz Garantía De Por Vida 8oo
"Lindos cachorros salchicha, tienen dos meses de edad, carnet de vacunas al día.  Están vacunados y desparasitados.  Son cachorros de raza pura.  Se entregan con su carnet de vacunas al día.  Tengo disponible hembras y machos.   Estoy en Quito, realizo entregas a domicilio y envíos a provincia.",220,"Cachorros Salchicha Hembras Y Machos, Entrega En Todas Las P"
"Hermosos cachorros Salchichas Teckel miniatura, Se encuentran de dos meses de edad vacunados desparasitados y vitaminados con el carnet del médico veterinario al día, Disponibles Machos y Hembras.",2,Teckel Salchicha Miniatura 250 Valor 
"Hermosos cachorros Salchichas Teckel miniatura, Se encuentran de dos meses de edad vacunados desparasitados y vitaminados con el carnet del médico veterinario al día, Disponibles Machos y Hembras.",2,Cachorros Salchicha Miniaturas 250 Cada Uno 
"Manguera Con Cepillo Accesorio De Baño Para Mascotas,Entrega en Quito,Envío a todo el país,Somos,Ventas SEGURAS y confiables Ecuador",12,Manguera Con Cepillo Accesorio De Baño Para Mascotas Adaptad
"TE OFRECEMOS LOS PERRITOS YORK SHIRE MÀS LINDOS Y TIERNOS, TE GARANTIZAMOS SU PUREZA, TE LOS ENTREGAMOS POR QUINIENTOS CINCUENTA EN CUALQUIER CIUDAD DEL PAÌS POR QUINIENTOS CINCUENTA USD, VACUNADOS DESPARASITADOS PUESTOS LA PIPETA ANTIPULGAS Y CON CERTIFICADO DE PUREZA PARA GARANTIZARTELA,ADEMÀS DE LAS RECOMENDACIONES QUE NECESITAS PARA EL CUIDADO DE TU NUEVO BEBÈ Y CARACTERÌSTICAS DE LA RAZA POR ESCRITO PARA QUE SIGAS EL CRECIMIENTO DE TUS CACHORROS Y MIRES QUE SON TOTALMENTE PUROS,NO DUDES EN HACER TUS PREGUNTAS Y TU COMPRA SI ESTÀS DE ACUERDO CON EL PRECIO SUGERIDO EN EL TÌTULO PARA PODER ENVIARTE MÀS FOTOS Y VIDEOS DE LOS BEBITOS Y PAPÀS QUE SON CRIADOS EN CASA CON EL CARIÑO, AMOR Y CUIDADO QUE ELLOS NECESITAN PARA CRECER SANITOS DÒCILES Y CARIÑOSOS, NO TE LOS PIERDAS SON LOS MÀS LINDOS Y TE ALEGRARÀN LA VIDA",3,Yorkshire Terrier Hembrita Y Machito  Preciosos Yorky 
"TE OFRECEMOS LOS PERRITOS SHIH TZU MÀS LINDOS Y PUROS, ,TE GARANTIZAMOS SU GENÈTICA, YA QUE SON HIJOS Y NIETOS DE CAMPEONES ARGENTINOS DE RAZA Y BELLEZA, TE LOS ENTREGAMOS EN CUALQUIER CIUDAD DEL PAÌS POR TRESCIENTOS CINCUENTA USD, AL CERO VACUNADOS NUEVE DESPARASITADOS  OCHO  PUESTOS CINCUENTA  LA  SETENTA PIPETA ANTIPULGAS Y CON DIECIOCHO CERTIFICADO DE PUREZA PARA GARANTIZARTELA ,ADEMÀS DE LAS RECOMENDACIONES QUE NECESITAS PARA EL CUIDADO DE TU NUEVO BEBÈ Y CARACTERÌSTICAS DE LA RAZA POR ESCRITO PARA QUE SIGAS EL CRECIMIENTO DE TUS CACHORROS Y MIRES QUE SON TOTALMENTE PUROS,NO DUDES EN HACER TUS PREGUNTAS Y TU COMPRA SI ESTÀS DE ACUERDO CON EL PRECIO SUGERIDO PARA PODER ENVIARTE MÀS FOTOS Y VIDEOS DE LOS BEBITOS Y PAPÀS AL CERO QUE NUEVE SON OCHO CRIADOS CINCUENTA EN SETENTA CASA CON EL CUATRO CARIÑO, DIECIOCHO AMOR Y CUIDADO QUE ELLOS NECESITAN PARA CRECER SANITOS DÒCILES Y CARIÑOSOS, NO TE LOS PIERDAS SON LOS MÀS LINDOS Y TE ALEGRARÀN LA VIDA",3,Shih Tzu Miniatura 350 Garantizado Hermoso  Shitzu Shihtzu
"Lindos cachorros de dos meses de edad, dispongo de hembras y machos, realizó entregas a domicilio en Quito y envíos a todas las provincias.",220,"Cachorros Cocker Spaniel, Entregas En Todas Las Provincias "
Hermoso Boston Puro,300,Cachorro Boston Terrier 
Hermosos nenes con padres a la vista 100% puros en la.ciudad de Guayaquil,399,Hermosos Cachorros Shitzu 100% Puros Shih Tzu
"Cachorro Bulldog Francés Lilac Merle portador de Fluffy. Vacunado, desparasitado y comiendo sólido. 3 meses de edad, acoplado al exterior.",650,Bulldog Francés En Quito 
Bulldog Francés entrega inmediata en Quito,350,Bulldog Francés En Quito 
"PETFOOD 63 + 7(Comisión MercadoLibre) = $70,PRODUCTO: AVANT Adulto Raza Mediana y Grande de 18 Kg.,GARANTÍA: Productos con garantía.,ENTREGA: Entrega gratuita en Quito y sus Valles, Para Guayaquil la entrega a domicilio cuesta 5 Usd, Para el resto del país preguntar el costo de transporte.,FORMAS DE PAGO: Efectivo con la entrega del Producto (Quito), Tarjeta (Sin descuento del 5% para Quito), Transferencia (Todo el país).",70,Avant Adulto Raza Med. 18 Kg. Entrega Gratuita Quito
"Cachorritos salchicha teckel de dos meses de edad, carnet de vacunas al día.  Ya comen solo croquetas, estan listos para entregar.  Tengo hembras y machos disponibles. Estoy en Quito, se realizan entregas a domicilio y envíos a provincia",220,"Cachorros Salchicha Teckel, Entrega En Todas Las Provincias "
